{"cameraMode":{"drawMode":0,"name":"Shaded","section":"Shading Mode"},"sceneLighting":true,"audioPlay":false,"sceneViewState":{"showFog":true,"showMaterialUpdate":false,"showSkybox":true,"showFlares":true,"showImageEffects":true,"showParticleSystems":true},"in2DMode":false,"pivot":{"x":-2.3301892280578615,"y":-2.7900099754333498,"z":4.400832176208496},"rotation":{"x":-0.25721344351768496,"y":0.4718192219734192,"z":-0.14611120522022248,"w":-0.8305912017822266},"size":11.898124694824219,"orthographic":false}