{"cameraMode":{"drawMode":0,"name":"Shaded","section":"Shading Mode"},"sceneLighting":true,"audioPlay":false,"sceneViewState":{"showFog":true,"showMaterialUpdate":false,"showSkybox":true,"showFlares":true,"showImageEffects":true,"showParticleSystems":true},"in2DMode":false,"pivot":{"x":4.717474460601807,"y":0.12729483842849732,"z":0.4190230369567871},"rotation":{"x":0.09686106443405152,"y":-0.126551553606987,"z":0.012417467311024666,"w":0.9871414303779602},"size":3.8638579845428469,"orthographic":false}