{"cameraMode":{"drawMode":0,"name":"Shaded","section":"Shading Mode"},"sceneLighting":false,"audioPlay":false,"sceneViewState":{"showFog":true,"showMaterialUpdate":false,"showSkybox":true,"showFlares":true,"showImageEffects":true,"showParticleSystems":true},"in2DMode":false,"pivot":{"x":4.341477394104004,"y":0.20308002829551698,"z":6.777769565582275},"rotation":{"x":0.13786159455776215,"y":-0.0104040103033185,"z":0.0014480991521850229,"w":0.9903963208198547},"size":10.200347900390625,"orthographic":false}