{"cameraMode":{"drawMode":0,"name":"Shaded","section":"Shading Mode"},"sceneLighting":true,"audioPlay":false,"sceneViewState":{"showFog":true,"showMaterialUpdate":false,"showSkybox":true,"showFlares":true,"showImageEffects":true,"showParticleSystems":true},"in2DMode":false,"pivot":{"x":10.578841209411621,"y":-4.672945022583008,"z":-1.572986364364624},"rotation":{"x":0.17704862356185914,"y":0.7946476340293884,"z":-0.27512863278388979,"w":0.5113656520843506},"size":12.855753898620606,"orthographic":false}