{"cameraMode":{"drawMode":0,"name":"Shaded","section":"Shading Mode"},"sceneLighting":false,"audioPlay":false,"sceneViewState":{"showFog":true,"showMaterialUpdate":false,"showSkybox":true,"showFlares":true,"showImageEffects":true,"showParticleSystems":true},"in2DMode":false,"pivot":{"x":10.823602676391602,"y":2.058734893798828,"z":-5.980465888977051},"rotation":{"x":-0.2733297049999237,"y":0.1256585270166397,"z":-0.03603605926036835,"w":-0.9530069231987},"size":2.9922726154327394,"orthographic":false}