{"cameraMode":{"drawMode":0,"name":"Shaded","section":"Shading Mode"},"sceneLighting":true,"audioPlay":false,"sceneViewState":{"showFog":true,"showMaterialUpdate":false,"showSkybox":true,"showFlares":true,"showImageEffects":true,"showParticleSystems":true},"in2DMode":false,"pivot":{"x":-6.060036659240723,"y":-0.7012579441070557,"z":-8.33089542388916},"rotation":{"x":-0.02353060059249401,"y":0.9567561745643616,"z":-0.08085548132658005,"w":-0.27843666076660159},"size":19.88844108581543,"orthographic":false}