{"cameraMode":{"drawMode":0,"name":"Shaded","section":"Shading Mode"},"sceneLighting":false,"audioPlay":false,"sceneViewState":{"showFog":true,"showMaterialUpdate":false,"showSkybox":true,"showFlares":true,"showImageEffects":true,"showParticleSystems":true},"in2DMode":false,"pivot":{"x":0.4363962411880493,"y":0.3750801682472229,"z":0.5000001192092896},"rotation":{"x":-0.08787572383880615,"y":0.9046450257301331,"z":-0.2274409979581833,"w":-0.34952569007873537},"size":0.4993426501750946,"orthographic":false}