{"cameraMode":{"drawMode":0,"name":"Shaded","section":"Shading Mode"},"sceneLighting":false,"audioPlay":false,"sceneViewState":{"showFog":true,"showMaterialUpdate":false,"showSkybox":true,"showFlares":true,"showImageEffects":true,"showParticleSystems":true},"in2DMode":false,"pivot":{"x":0.0076323747634887699,"y":0.7880209684371948,"z":0.018109560012817384},"rotation":{"x":-0.07024922221899033,"y":0.8964272737503052,"z":-0.15370185673236848,"w":-0.40970999002456667},"size":22.0,"orthographic":false}