{"cameraMode":{"drawMode":0,"name":"Shaded","section":"Shading Mode"},"sceneLighting":false,"audioPlay":false,"sceneViewState":{"showFog":true,"showMaterialUpdate":false,"showSkybox":true,"showFlares":true,"showImageEffects":true,"showParticleSystems":true},"in2DMode":false,"pivot":{"x":4.717474460601807,"y":0.11721481382846832,"z":0.4138011038303375},"rotation":{"x":-0.10600889474153519,"y":0.7633521556854248,"z":-0.12970660626888276,"w":-0.6238853335380554},"size":2.3705925941467287,"orthographic":false}