{"cameraMode":{"drawMode":0,"name":"Shaded","section":"Shading Mode"},"sceneLighting":true,"audioPlay":false,"sceneViewState":{"showFog":true,"showMaterialUpdate":false,"showSkybox":true,"showFlares":true,"showImageEffects":true,"showParticleSystems":true},"in2DMode":false,"pivot":{"x":15.154579162597657,"y":-16.07018280029297,"z":27.776460647583009},"rotation":{"x":0.25338318943977358,"y":0.2545691728591919,"z":-0.06930728256702423,"w":0.9306938052177429},"size":42.48865509033203,"orthographic":false}